implementation,M,N,K,time_ms,gflops,repetitions,warmups,threads,seed_A,seed_B,checksum,BM,BN,BK
blocked,256,256,256,1.422208,23.593195932,5,1,1,42,43,5576.78272794,128,64,32
blocked,256,256,256,1.003875,33.4249104719,5,1,1,42,43,5576.78272794,64,256,64
blocked,256,256,256,1.097416,30.5758545529,5,1,1,42,43,5576.78272794,64,128,32
blocked,256,256,256,1.063792,31.542286462,5,1,1,42,43,5576.78272794,32,128,32
blocked,256,256,256,1.238125,27.1010051489,5,1,1,42,43,5576.78272794,256,256,256
blocked,256,256,256,1.124542,29.838309285,5,1,1,42,43,5576.78272794,128,128,128
blocked,256,256,256,1.378375,24.3434711164,5,1,1,42,43,5576.78272794,64,64,64
blocked,256,256,256,2.236208,15.0050585634,5,1,1,42,43,5576.78272794,32,32,32
blocked,256,256,256,2.726125,12.3084715484,5,1,1,42,43,5576.78272794,16,16,16
blocked,256,256,256,8.122292,4.13115312771,5,1,1,42,43,5576.78272794,8,8,8
ikj,256,256,256,1.217458,27.5610591905,5,1,1,42,43,5576.78272794,0,0,0
blocked,512,512,512,11.593,23.1549604071,5,1,1,42,43,-30243.2743484,128,64,32
blocked,512,512,512,9.109792,29.4666942999,5,1,1,42,43,-30243.2743484,64,256,64
blocked,512,512,512,8.769625,30.6096846786,5,1,1,42,43,-30243.2743484,64,128,32
blocked,512,512,512,8.828666,30.4049848528,5,1,1,42,43,-30243.2743484,32,128,32
blocked,512,512,512,11.55275,23.2356327281,5,1,1,42,43,-30243.2743484,256,256,256
blocked,512,512,512,10.423209,25.7536288489,5,1,1,42,43,-30243.2743484,128,128,128
blocked,512,512,512,12.501625,21.4720451141,5,1,1,42,43,-30243.2743484,64,64,64
blocked,512,512,512,17.874209,15.018032742,5,1,1,42,43,-30243.2743484,32,32,32
blocked,512,512,512,21.973625,12.216257263,5,1,1,42,43,-30243.2743484,16,16,16
blocked,512,512,512,65.300416,4.1107771197,5,1,1,42,43,-30243.2743484,8,8,8
ikj,512,512,512,9.841541,27.2757544779,5,1,1,42,43,-30243.2743484,0,0,0
blocked,1024,1024,1024,108.580542,19.777794515,5,1,1,42,43,55925.5494262,128,64,32
blocked,1024,1024,1024,95.977625,22.3748363017,5,1,1,42,43,55925.5494262,64,256,64
blocked,1024,1024,1024,95.237375,22.5487488289,5,1,1,42,43,55925.5494262,64,128,32
blocked,1024,1024,1024,94.203708,22.7961690001,5,1,1,42,43,55925.5494262,32,128,32
blocked,1024,1024,1024,95.185625,22.5610080094,5,1,1,42,43,55925.5494262,256,256,256
blocked,1024,1024,1024,95.783,22.4203005544,5,1,1,42,43,55925.5494262,128,128,128
blocked,1024,1024,1024,108.928417,19.7146319312,5,1,1,42,43,55925.5494262,64,64,64
blocked,1024,1024,1024,152.852875,14.0493507106,5,1,1,42,43,55925.5494262,32,32,32
blocked,1024,1024,1024,184.336709,11.6497883664,5,1,1,42,43,55925.5494262,16,16,16
blocked,1024,1024,1024,526.189125,4.08120112327,5,1,1,42,43,55925.5494262,8,8,8
ikj,1024,1024,1024,79.653209,26.9604159702,5,1,1,42,43,55925.5494262,0,0,0
blocked,255,513,257,3.261917,20.6133111296,5,1,1,42,43,3412.59226863,128,64,32
blocked,255,513,257,3.093291,21.7370140734,5,1,1,42,43,3412.59226863,64,256,64
blocked,255,513,257,3.036417,22.1441620173,5,1,1,42,43,3412.59226863,64,128,32
blocked,255,513,257,2.997667,22.4304133848,5,1,1,42,43,3412.59226863,32,128,32
blocked,255,513,257,3.759042,17.8872462718,5,1,1,42,43,3412.59226863,256,256,256
blocked,255,513,257,3.569,18.8397057999,5,1,1,42,43,3412.59226863,128,128,128
blocked,255,513,257,3.496625,19.2296600293,5,1,1,42,43,3412.59226863,64,64,64
blocked,255,513,257,4.838833,13.8956872453,5,1,1,42,43,3412.59226863,32,32,32
blocked,255,513,257,5.793125,11.6066734276,5,1,1,42,43,3412.59226863,16,16,16
blocked,255,513,257,16.177375,4.15635478562,5,1,1,42,43,3412.59226863,8,8,8
ikj,255,513,257,3.182625,21.1268716861,5,1,1,42,43,3412.59226863,0,0,0
