build,implementation,M,N,K,time_ms,gflops,repetitions,warmups,threads,seed_A,seed_B,checksum,BM,BN,BK,MR,NR,unroll
O0,naive_ijk,128,128,128,7.15475,0.586226492889,5,1,1,42,43,-1045.50819977,0,0,0,0,0,0
O0,ikj,128,128,128,3.214292,1.30489202599,5,1,1,42,43,-1045.50819977,0,0,0,0,0,0
O0,blocked,128,128,128,3.170334,1.32298489686,5,1,1,42,43,-1045.50819977,32,128,32,0,0,0
O0,microkernel,128,128,128,4.277167,0.980626662461,5,1,1,42,43,-1045.50819977,32,128,32,4,4,1
O2,naive_ijk,128,128,128,1.539125,2.72512239097,5,1,1,42,43,-1045.50819977,0,0,0,0,0,0
O2,ikj,128,128,128,0.127583,32.8751009147,5,1,1,42,43,-1045.50819977,0,0,0,0,0,0
O2,blocked,128,128,128,0.130917,32.0378865999,5,1,1,42,43,-1045.50819977,32,128,32,0,0,0
O2,microkernel,128,128,128,0.18125,23.1409875862,5,1,1,42,43,-1045.50819977,32,128,32,4,4,1
O3,naive_ijk,128,128,128,1.475417,2.84279224111,5,1,1,42,43,-1045.50819977,0,0,0,0,0,0
O3,ikj,128,128,128,0.124125,33.7909687815,5,1,1,42,43,-1045.50819977,0,0,0,0,0,0
O3,blocked,128,128,128,0.135459,30.9636421353,5,1,1,42,43,-1045.50819977,32,128,32,0,0,0
O3,microkernel,128,128,128,0.173375,24.1920922855,5,1,1,42,43,-1045.50819977,32,128,32,4,4,1
O3-native,naive_ijk,128,128,128,1.50225,2.7920146447,5,1,1,42,43,-1045.50819977,0,0,0,0,0,0
O3-native,ikj,128,128,128,0.248875,16.8530547464,5,1,1,42,43,-1045.50819977,0,0,0,0,0,0
O3-native,blocked,128,128,128,0.1315,31.8958479087,5,1,1,42,43,-1045.50819977,32,128,32,0,0,0
O3-native,microkernel,128,128,128,0.168625,24.8735596738,5,1,1,42,43,-1045.50819977,32,128,32,4,4,1
O3-no-vector,naive_ijk,128,128,128,1.485458,2.82357629768,5,1,1,42,43,-1045.50819977,0,0,0,0,0,0
O3-no-vector,ikj,128,128,128,0.750917,5.5855760357,5,1,1,42,43,-1045.50819977,0,0,0,0,0,0
O3-no-vector,blocked,128,128,128,1.278,3.28192801252,5,1,1,42,43,-1045.50819977,32,128,32,0,0,0
O3-no-vector,microkernel,128,128,128,0.165958,25.2732860121,5,1,1,42,43,-1045.50819977,32,128,32,4,4,1
O0,naive_ijk,256,256,256,59.902667,0.560149216729,5,1,1,42,43,5576.78272794,0,0,0,0,0,0
O0,ikj,256,256,256,25.584917,1.31149270486,5,1,1,42,43,5576.78272794,0,0,0,0,0,0
O0,blocked,256,256,256,25.431583,1.31940005465,5,1,1,42,43,5576.78272794,32,128,32,0,0,0
O0,microkernel,256,256,256,34.0395,0.98574984944,5,1,1,42,43,5576.78272794,32,128,32,4,4,1
O2,naive_ijk,256,256,256,15.497084,2.16520940327,5,1,1,42,43,5576.78272794,0,0,0,0,0,0
O2,ikj,256,256,256,1.231292,27.2514009674,5,1,1,42,43,5576.78272794,0,0,0,0,0,0
O2,blocked,256,256,256,1.068083,31.4155660187,5,1,1,42,43,5576.78272794,32,128,32,0,0,0
O2,microkernel,256,256,256,1.360541,24.662565847,5,1,1,42,43,5576.78272794,32,128,32,4,4,1
O3,naive_ijk,256,256,256,15.217625,2.20497166936,5,1,1,42,43,5576.78272794,0,0,0,0,0,0
O3,ikj,256,256,256,1.230792,27.2624716443,5,1,1,42,43,5576.78272794,0,0,0,0,0,0
O3,blocked,256,256,256,1.051041,31.9249505966,5,1,1,42,43,5576.78272794,32,128,32,0,0,0
O3,microkernel,256,256,256,1.38575,24.2139144867,5,1,1,42,43,5576.78272794,32,128,32,4,4,1
O3-native,naive_ijk,256,256,256,15.15375,2.21426590778,5,1,1,42,43,5576.78272794,0,0,0,0,0,0
O3-native,ikj,256,256,256,1.234417,27.1824124263,5,1,1,42,43,5576.78272794,0,0,0,0,0,0
O3-native,blocked,256,256,256,1.055458,31.791347453,5,1,1,42,43,5576.78272794,32,128,32,0,0,0
O3-native,microkernel,256,256,256,1.397167,24.0160496204,5,1,1,42,43,5576.78272794,32,128,32,4,4,1
O3-no-vector,naive_ijk,256,256,256,15.35475,2.1852802553,5,1,1,42,43,5576.78272794,0,0,0,0,0,0
O3-no-vector,ikj,256,256,256,5.636459,5.95310495472,5,1,1,42,43,5576.78272794,0,0,0,0,0,0
O3-no-vector,blocked,256,256,256,6.042167,5.55337712447,5,1,1,42,43,5576.78272794,32,128,32,0,0,0
O3-no-vector,microkernel,256,256,256,1.394292,24.0655701962,5,1,1,42,43,5576.78272794,32,128,32,4,4,1
O0,naive_ijk,512,512,512,483.931625,0.554697073166,5,1,1,42,43,-30243.2743484,0,0,0,0,0,0
O0,ikj,512,512,512,201.941959,1.32927033752,5,1,1,42,43,-30243.2743484,0,0,0,0,0,0
O0,blocked,512,512,512,203.638708,1.31819465286,5,1,1,42,43,-30243.2743484,32,128,32,0,0,0
O0,microkernel,512,512,512,269.955583,0.994368973654,5,1,1,42,43,-30243.2743484,32,128,32,4,4,1
O2,naive_ijk,512,512,512,143.248209,1.87391840969,5,1,1,42,43,-30243.2743484,0,0,0,0,0,0
O2,ikj,512,512,512,9.725417,27.6014340568,5,1,1,42,43,-30243.2743484,0,0,0,0,0,0
O2,blocked,512,512,512,8.771542,30.6029950036,5,1,1,42,43,-30243.2743484,32,128,32,0,0,0
O2,microkernel,512,512,512,11.116875,24.1466649576,5,1,1,42,43,-30243.2743484,32,128,32,4,4,1
O3,naive_ijk,512,512,512,143.3095,1.87311696712,5,1,1,42,43,-30243.2743484,0,0,0,0,0,0
O3,ikj,512,512,512,9.865291,27.2100900014,5,1,1,42,43,-30243.2743484,0,0,0,0,0,0
O3,blocked,512,512,512,8.778625,30.5783030942,5,1,1,42,43,-30243.2743484,32,128,32,0,0,0
O3,microkernel,512,512,512,11.103916,24.1748457031,5,1,1,42,43,-30243.2743484,32,128,32,4,4,1
O3-native,naive_ijk,512,512,512,143.428333,1.87156505542,5,1,1,42,43,-30243.2743484,0,0,0,0,0,0
O3-native,ikj,512,512,512,9.715167,27.6305549869,5,1,1,42,43,-30243.2743484,0,0,0,0,0,0
O3-native,blocked,512,512,512,8.718042,30.7907963738,5,1,1,42,43,-30243.2743484,32,128,32,0,0,0
O3-native,microkernel,512,512,512,10.932,24.555017929,5,1,1,42,43,-30243.2743484,32,128,32,4,4,1
O3-no-vector,naive_ijk,512,512,512,142.681667,1.88135912373,5,1,1,42,43,-30243.2743484,0,0,0,0,0,0
O3-no-vector,ikj,512,512,512,42.739792,6.28069167955,5,1,1,42,43,-30243.2743484,0,0,0,0,0,0
O3-no-vector,blocked,512,512,512,48.90625,5.48877609712,5,1,1,42,43,-30243.2743484,32,128,32,0,0,0
O3-no-vector,microkernel,512,512,512,11.046792,24.299856103,5,1,1,42,43,-30243.2743484,32,128,32,4,4,1
O0,naive_ijk,127,193,129,10.936,0.578258778347,5,1,1,42,43,365.145109619,0,0,0,0,0,0
O0,ikj,127,193,129,4.844375,1.30539811637,5,1,1,42,43,365.145109619,0,0,0,0,0,0
O0,blocked,127,193,129,4.929208,1.28293186248,5,1,1,42,43,365.145109619,32,128,32,0,0,0
O0,microkernel,127,193,129,6.654834,0.950262320593,5,1,1,42,43,365.145109619,32,128,32,4,4,1
O2,naive_ijk,127,193,129,2.295625,2.75473476722,5,1,1,42,43,365.145109619,0,0,0,0,0,0
O2,ikj,127,193,129,0.245416,25.7678309483,5,1,1,42,43,365.145109619,0,0,0,0,0,0
O2,blocked,127,193,129,0.262667,24.0754948281,5,1,1,42,43,365.145109619,32,128,32,0,0,0
O2,microkernel,127,193,129,0.297541,21.2536692422,5,1,1,42,43,365.145109619,32,128,32,4,4,1
O3,naive_ijk,127,193,129,2.250583,2.80986659901,5,1,1,42,43,365.145109619,0,0,0,0,0,0
O3,ikj,127,193,129,0.2545,24.848086444,5,1,1,42,43,365.145109619,0,0,0,0,0,0
O3,blocked,127,193,129,0.265708,23.7999533322,5,1,1,42,43,365.145109619,32,128,32,0,0,0
O3,microkernel,127,193,129,0.291375,21.7034337194,5,1,1,42,43,365.145109619,32,128,32,4,4,1
O3-native,naive_ijk,127,193,129,2.262459,2.79511717118,5,1,1,42,43,365.145109619,0,0,0,0,0,0
O3-native,ikj,127,193,129,0.245125,25.7984212137,5,1,1,42,43,365.145109619,0,0,0,0,0,0
O3-native,blocked,127,193,129,0.262042,24.1329176239,5,1,1,42,43,365.145109619,32,128,32,0,0,0
O3-native,microkernel,127,193,129,0.295417,21.4064796542,5,1,1,42,43,365.145109619,32,128,32,4,4,1
O3-no-vector,naive_ijk,127,193,129,2.244125,2.81795265415,5,1,1,42,43,365.145109619,0,0,0,0,0,0
O3-no-vector,ikj,127,193,129,1.066833,5.92767377837,5,1,1,42,43,365.145109619,0,0,0,0,0,0
O3-no-vector,blocked,127,193,129,1.093958,5.78069541975,5,1,1,42,43,365.145109619,32,128,32,0,0,0
O3-no-vector,microkernel,127,193,129,0.290417,21.775026944,5,1,1,42,43,365.145109619,32,128,32,4,4,1
