case,blas_thread_policy,implementation,M,N,K,time_ms,gflops,repetitions,warmups,threads,seed_A,seed_B,checksum,BM,BN,BK,MR,NR,unroll,schedule,requested_threads
accelerate_default,default,accelerate,256,256,256,0.028833,1163.75097978,7,1,0,42,43,7807.49581911,0,0,0,0,0,0,library-managed,0
accelerate_limit1,limit1-requested,accelerate,256,256,256,0.028292,1186.00424148,7,1,0,42,43,7807.49581911,0,0,0,0,0,0,library-managed,0
dynamic12,not-applicable,parallel,256,256,256,0.292083,114.879784171,7,1,8,42,43,7807.49581911,32,128,32,0,0,0,dynamic,12
static12,not-applicable,parallel,256,256,256,0.299916,111.879432908,7,1,8,42,43,7807.49581911,32,128,32,0,0,0,static,12
neon4,not-applicable,neon_4x4,256,256,256,0.78875,42.5412767036,7,1,1,42,43,7807.49581911,32,128,32,4,4,1,none,1
unroll4,not-applicable,microkernel,256,256,256,1.412417,23.7567460601,7,1,1,42,43,7807.49581911,32,128,32,4,4,4,none,1
scalar4,not-applicable,microkernel,256,256,256,1.382209,24.2759466911,7,1,1,42,43,7807.49581911,32,128,32,4,4,1,none,1
blocked,not-applicable,blocked,256,256,256,1.068959,31.3898213121,7,1,1,42,43,7807.49581911,32,128,32,0,0,0,none,1
ikj,not-applicable,ikj,256,256,256,1.243917,26.9748158438,7,1,1,42,43,7807.49581911,0,0,0,0,0,0,none,1
naive,not-applicable,naive_ijk,256,256,256,15.365,2.18382245363,7,1,1,42,43,7807.49581911,0,0,0,0,0,0,none,1
accelerate_default,default,accelerate,512,512,512,0.114917,2335.90727221,7,1,0,42,43,-42340.5840877,0,0,0,0,0,0,library-managed,0
accelerate_limit1,limit1-requested,accelerate,512,512,512,0.189833,1414.06107473,7,1,0,42,43,-42340.5840877,0,0,0,0,0,0,library-managed,0
dynamic12,not-applicable,parallel,512,512,512,1.456709,184.275278041,7,1,12,42,43,-42340.5840877,32,128,32,0,0,0,dynamic,12
static12,not-applicable,parallel,512,512,512,1.534084,174.980937159,7,1,12,42,43,-42340.5840877,32,128,32,0,0,0,static,12
neon4,not-applicable,neon_4x4,512,512,512,6.784875,39.563802723,7,1,1,42,43,-42340.5840877,32,128,32,4,4,1,none,1
unroll4,not-applicable,microkernel,512,512,512,11.511041,23.3198245059,7,1,1,42,43,-42340.5840877,32,128,32,4,4,4,none,1
scalar4,not-applicable,microkernel,512,512,512,10.901208,24.6243770415,7,1,1,42,43,-42340.5840877,32,128,32,4,4,1,none,1
blocked,not-applicable,blocked,512,512,512,8.664541,30.9809205127,7,1,1,42,43,-42340.5840877,32,128,32,0,0,0,none,1
ikj,not-applicable,ikj,512,512,512,9.756875,27.5124418423,7,1,1,42,43,-42340.5840877,0,0,0,0,0,0,none,1
naive,not-applicable,naive_ijk,512,512,512,142.800083,1.87979901944,7,1,1,42,43,-42340.5840877,0,0,0,0,0,0,none,1
accelerate_default,default,accelerate,1024,1024,1024,0.919875,2334.53854926,7,1,0,42,43,78295.7691967,0,0,0,0,0,0,library-managed,0
accelerate_limit1,limit1-requested,accelerate,1024,1024,1024,1.657208,1295.84436474,7,1,0,42,43,78295.7691967,0,0,0,0,0,0,library-managed,0
dynamic12,not-applicable,parallel,1024,1024,1024,13.203041,162.650683884,7,1,12,42,43,78295.7691967,32,128,32,0,0,0,dynamic,12
static12,not-applicable,parallel,1024,1024,1024,16.01425,134.098296704,7,1,12,42,43,78295.7691967,32,128,32,0,0,0,static,12
neon4,not-applicable,neon_4x4,1024,1024,1024,75.11725,28.5884220735,7,1,1,42,43,78295.7691967,32,128,32,4,4,1,none,1
unroll4,not-applicable,microkernel,1024,1024,1024,106.093417,20.2414410689,7,1,1,42,43,78295.7691967,32,128,32,4,4,4,none,1
scalar4,not-applicable,microkernel,1024,1024,1024,107.0205,20.0660961965,7,1,1,42,43,78295.7691967,32,128,32,4,4,1,none,1
blocked,not-applicable,blocked,1024,1024,1024,94.484167,22.7285027342,7,1,1,42,43,78295.7691967,32,128,32,0,0,0,none,1
ikj,not-applicable,ikj,1024,1024,1024,77.534708,27.6970624304,7,1,1,42,43,78295.7691967,0,0,0,0,0,0,none,1
naive,not-applicable,naive_ijk,1024,1024,1024,1231.255291,1.74414166071,7,1,1,42,43,78295.7691967,0,0,0,0,0,0,none,1
accelerate_default,default,accelerate,255,513,257,0.068791,977.437600849,7,1,0,42,43,4777.62917609,0,0,0,0,0,0,library-managed,0
accelerate_limit1,limit1-requested,accelerate,255,513,257,0.067375,997.980111317,7,1,0,42,43,4777.62917609,0,0,0,0,0,0,library-managed,0
dynamic12,not-applicable,parallel,255,513,257,0.666958,100.814309147,7,1,8,42,43,4777.62917609,32,128,32,0,0,0,dynamic,12
static12,not-applicable,parallel,255,513,257,0.678166,99.1481584155,7,1,8,42,43,4777.62917609,32,128,32,0,0,0,static,12
neon4,not-applicable,neon_4x4,255,513,257,1.785125,37.6662194524,7,1,1,42,43,4777.62917609,32,128,32,4,4,1,none,1
unroll4,not-applicable,microkernel,255,513,257,3.013208,22.314725701,7,1,1,42,43,4777.62917609,32,128,32,4,4,4,none,1
scalar4,not-applicable,microkernel,255,513,257,2.894875,23.2268785353,7,1,1,42,43,4777.62917609,32,128,32,4,4,1,none,1
blocked,not-applicable,blocked,255,513,257,3.009375,22.3431476636,7,1,1,42,43,4777.62917609,32,128,32,0,0,0,none,1
ikj,not-applicable,ikj,255,513,257,3.178375,21.155121721,7,1,1,42,43,4777.62917609,0,0,0,0,0,0,none,1
naive,not-applicable,naive_ijk,255,513,257,29.937042,2.24601047759,7,1,1,42,43,4777.62917609,0,0,0,0,0,0,none,1
accelerate_default,default,accelerate,16,1024,512,0.01625,1032.44406154,7,1,0,42,43,-323.022559808,0,0,0,0,0,0,library-managed,0
accelerate_limit1,limit1-requested,accelerate,16,1024,512,0.016417,1021.94164585,7,1,0,42,43,-323.022559808,0,0,0,0,0,0,library-managed,0
dynamic12,not-applicable,parallel,16,1024,512,0.734416,22.8442953313,7,1,1,42,43,-323.022559808,32,128,32,0,0,0,dynamic,12
static12,not-applicable,parallel,16,1024,512,0.74425,22.5424467585,7,1,1,42,43,-323.022559808,32,128,32,0,0,0,static,12
neon4,not-applicable,neon_4x4,16,1024,512,0.582167,28.8185623713,7,1,1,42,43,-323.022559808,32,128,32,4,4,1,none,1
unroll4,not-applicable,microkernel,16,1024,512,0.812917,20.6382890258,7,1,1,42,43,-323.022559808,32,128,32,4,4,4,none,1
scalar4,not-applicable,microkernel,16,1024,512,0.802375,20.9094450849,7,1,1,42,43,-323.022559808,32,128,32,4,4,1,none,1
blocked,not-applicable,blocked,16,1024,512,0.741417,22.6285828353,7,1,1,42,43,-323.022559808,32,128,32,0,0,0,none,1
ikj,not-applicable,ikj,16,1024,512,0.608917,27.5525498549,7,1,1,42,43,-323.022559808,0,0,0,0,0,0,none,1
naive,not-applicable,naive_ijk,16,1024,512,9.197958,1.82401528687,7,1,1,42,43,-323.022559808,0,0,0,0,0,0,none,1
