trial,case,implementation,M,N,K,time_ms,gflops,repetitions,warmups,threads,seed_A,seed_B,checksum,BM,BN,BK,MR,NR,unroll,schedule,requested_threads
1,blocked,blocked,16,1024,512,0.758791,22.1104572932,7,1,1,42,43,-323.022559808,32,128,32,0,0,0,none,1
1,scalar4,microkernel,16,1024,512,0.899541,18.6508630513,7,1,1,42,43,-323.022559808,32,128,32,4,4,1,none,1
1,unroll4,microkernel,16,1024,512,0.815083,20.5834448762,7,1,1,42,43,-323.022559808,32,128,32,4,4,4,none,1
1,neon4,neon_4x4,16,1024,512,0.565042,29.6919804192,7,1,1,42,43,-323.022559808,32,128,32,4,4,1,none,1
2,blocked,blocked,16,1024,512,0.721292,23.2599502005,7,1,1,42,43,-323.022559808,32,128,32,0,0,0,none,1
2,scalar4,microkernel,16,1024,512,0.810042,20.7115384141,7,1,1,42,43,-323.022559808,32,128,32,4,4,1,none,1
2,unroll4,microkernel,16,1024,512,0.822541,20.3968142621,7,1,1,42,43,-323.022559808,32,128,32,4,4,4,none,1
2,neon4,neon_4x4,16,1024,512,0.565708,29.657024472,7,1,1,42,43,-323.022559808,32,128,32,4,4,1,none,1
3,blocked,blocked,16,1024,512,0.726334,23.0984863713,7,1,1,42,43,-323.022559808,32,128,32,0,0,0,none,1
3,scalar4,microkernel,16,1024,512,0.815917,20.5624052447,7,1,1,42,43,-323.022559808,32,128,32,4,4,1,none,1
3,unroll4,microkernel,16,1024,512,0.84725,19.8019663618,7,1,1,42,43,-323.022559808,32,128,32,4,4,4,none,1
3,neon4,neon_4x4,16,1024,512,0.578667,28.9928680917,7,1,1,42,43,-323.022559808,32,128,32,4,4,1,none,1
