implementation,M,N,K,time_ms,gflops,repetitions,warmups,threads,seed_A,seed_B,checksum
kji,64,64,64,0.095084,5.51394556392,5,1,1,42,43,820.915259574
kij,64,64,64,0.016708,31.3794589418,5,1,1,42,43,820.915259574
jki,64,64,64,0.147625,3.55148518205,5,1,1,42,43,820.915259574
jik,64,64,64,0.153333,3.41927699843,5,1,1,42,43,820.915259574
ikj,64,64,64,0.020625,25.4200242424,5,1,1,42,43,820.915259574
naive_ijk,64,64,64,0.150375,3.48653699086,5,1,1,42,43,820.915259574
kji,128,128,128,0.9065,4.62692112521,5,1,1,42,43,-1045.50819977
kij,128,128,128,0.129917,32.2844893278,5,1,1,42,43,-1045.50819977
jki,128,128,128,1.3925,3.01206750449,5,1,1,42,43,-1045.50819977
jik,128,128,128,1.534417,2.73348379222,5,1,1,42,43,-1045.50819977
ikj,128,128,128,0.135125,31.0401776133,5,1,1,42,43,-1045.50819977
naive_ijk,128,128,128,1.576583,2.66037626944,5,1,1,42,43,-1045.50819977
kji,256,256,256,56.780542,0.590949484068,5,1,1,42,43,5576.78272794
kij,256,256,256,1.631125,20.5713430914,5,1,1,42,43,5576.78272794
jki,256,256,256,58.333042,0.575221707107,5,1,1,42,43,5576.78272794
jik,256,256,256,15.668834,2.14147600262,5,1,1,42,43,5576.78272794
ikj,256,256,256,1.281292,26.1879665213,5,1,1,42,43,5576.78272794
naive_ijk,256,256,256,15.911375,2.10883295755,5,1,1,42,43,5576.78272794
kji,512,512,512,529.418541,0.507038260302,5,1,1,42,43,-30243.2743484
kij,512,512,512,12.118666,22.1505779597,5,1,1,42,43,-30243.2743484
jki,512,512,512,533.195292,0.503446785873,5,1,1,42,43,-30243.2743484
jik,512,512,512,140.044125,1.91679198253,5,1,1,42,43,-30243.2743484
ikj,512,512,512,9.684125,27.7191234107,5,1,1,42,43,-30243.2743484
naive_ijk,512,512,512,139.930333,1.91835072671,5,1,1,42,43,-30243.2743484
kji,1024,1024,1024,5226.9735,0.410846477029,5,1,1,42,43,55925.5494262
kij,1024,1024,1024,116.837375,18.3801086596,5,1,1,42,43,55925.5494262
jki,1024,1024,1024,5228.292209,0.410742851041,5,1,1,42,43,55925.5494262
jik,1024,1024,1024,1236.890542,1.73619538276,5,1,1,42,43,55925.5494262
ikj,1024,1024,1024,77.818083,27.5962034171,5,1,1,42,43,55925.5494262
naive_ijk,1024,1024,1024,1216.149042,1.76580630649,5,1,1,42,43,55925.5494262
