implementation,M,N,K,time_ms,gflops,repetitions,warmups,threads,seed_A,seed_B,checksum
naive_ijk,64,64,64,0.1485,3.53055892256,5,1,1,42,43,820.915259574
ikj,64,64,64,0.021834,24.0124576349,5,1,1,42,43,820.915259574
jik,64,64,64,0.149208,3.51380623023,5,1,1,42,43,820.915259574
jki,64,64,64,0.169875,3.08631640912,5,1,1,42,43,820.915259574
kij,64,64,64,0.018667,28.0863556008,5,1,1,42,43,820.915259574
kji,64,64,64,0.102625,5.10877466504,5,1,1,42,43,820.915259574
naive_ijk,128,128,128,1.542667,2.71886544536,5,1,1,42,43,-1045.50819977
ikj,128,128,128,0.13525,31.0114898336,5,1,1,42,43,-1045.50819977
jik,128,128,128,1.535583,2.73140820132,5,1,1,42,43,-1045.50819977
jki,128,128,128,1.288625,3.25486778543,5,1,1,42,43,-1045.50819977
kij,128,128,128,0.126166,33.2443289,5,1,1,42,43,-1045.50819977
kji,128,128,128,0.885708,4.73553812317,5,1,1,42,43,-1045.50819977
naive_ijk,256,256,256,15.200791,2.20741354841,5,1,1,42,43,5576.78272794
ikj,256,256,256,1.252167,26.7970901645,5,1,1,42,43,5576.78272794
jik,256,256,256,15.486084,2.1667473843,5,1,1,42,43,5576.78272794
jki,256,256,256,59.151792,0.567259771268,5,1,1,42,43,5576.78272794
kij,256,256,256,1.586208,21.1538663277,5,1,1,42,43,5576.78272794
kji,256,256,256,56.387542,0.595068180131,5,1,1,42,43,5576.78272794
naive_ijk,512,512,512,139.114375,1.92960257342,5,1,1,42,43,-30243.2743484
ikj,512,512,512,9.63225,27.8684062395,5,1,1,42,43,-30243.2743484
jik,512,512,512,138.403875,1.93950823992,5,1,1,42,43,-30243.2743484
jki,512,512,512,527.552042,0.508832180769,5,1,1,42,43,-30243.2743484
kij,512,512,512,12.005041,22.3602281741,5,1,1,42,43,-30243.2743484
kji,512,512,512,529.199041,0.507248568502,5,1,1,42,43,-30243.2743484
naive_ijk,1024,1024,1024,1208.167209,1.77747221742,5,1,1,42,43,55925.5494262
ikj,1024,1024,1024,77.087583,27.8577115072,5,1,1,42,43,55925.5494262
jik,1024,1024,1024,1233.535791,1.74091717781,5,1,1,42,43,55925.5494262
jki,1024,1024,1024,5128.662708,0.418721949613,5,1,1,42,43,55925.5494262
kij,1024,1024,1024,98.644791,21.7698636312,5,1,1,42,43,55925.5494262
kji,1024,1024,1024,5195.651042,0.413323302631,5,1,1,42,43,55925.5494262
