implementation,M,N,K,time_ms,gflops,repetitions,warmups,threads,seed_A,seed_B,checksum,BM,BN,BK,MR,NR
microkernel,256,256,256,1.19,28.1970016807,5,1,1,42,43,5576.78272794,32,128,32,16,16
microkernel,256,256,256,2.3865,14.0601014037,5,1,1,42,43,5576.78272794,32,128,32,8,8
microkernel,256,256,256,3.309708,10.138185,5,1,1,42,43,5576.78272794,32,128,32,8,4
microkernel,256,256,256,3.044792,11.0202706786,5,1,1,42,43,5576.78272794,32,128,32,4,8
microkernel,256,256,256,1.391208,24.1189182351,5,1,1,42,43,5576.78272794,32,128,32,4,4
microkernel,256,256,256,1.988167,16.8770691798,5,1,1,42,43,5576.78272794,32,128,32,2,4
blocked,256,256,256,1.061333,31.6153667134,5,1,1,42,43,5576.78272794,32,128,32,0,0
ikj,256,256,256,1.232708,27.2200975413,5,1,1,42,43,5576.78272794,0,0,0,0,0
microkernel,512,512,512,9.524916,28.1824486431,5,1,1,42,43,-30243.2743484,32,128,32,16,16
microkernel,512,512,512,18.880167,14.2178538993,5,1,1,42,43,-30243.2743484,32,128,32,8,8
microkernel,512,512,512,26.559375,10.1069944605,5,1,1,42,43,-30243.2743484,32,128,32,8,4
microkernel,512,512,512,24.691917,10.871389856,5,1,1,42,43,-30243.2743484,32,128,32,4,8
microkernel,512,512,512,11.174375,24.0224134236,5,1,1,42,43,-30243.2743484,32,128,32,4,4
microkernel,512,512,512,15.798084,16.9916463288,5,1,1,42,43,-30243.2743484,32,128,32,2,4
blocked,512,512,512,8.843792,30.3529816169,5,1,1,42,43,-30243.2743484,32,128,32,0,0
ikj,512,512,512,9.828625,27.3115981127,5,1,1,42,43,-30243.2743484,0,0,0,0,0
microkernel,1024,1024,1024,76.14275,28.2033896596,5,1,1,42,43,55925.5494262,32,128,32,16,16
microkernel,1024,1024,1024,157.015041,13.6769295115,5,1,1,42,43,55925.5494262,32,128,32,8,8
microkernel,1024,1024,1024,214.354,10.0183978279,5,1,1,42,43,55925.5494262,32,128,32,8,4
microkernel,1024,1024,1024,199.364125,10.7716654037,5,1,1,42,43,55925.5494262,32,128,32,4,8
microkernel,1024,1024,1024,108.263583,19.8356971799,5,1,1,42,43,55925.5494262,32,128,32,4,4
microkernel,1024,1024,1024,144.104625,14.9022534704,5,1,1,42,43,55925.5494262,32,128,32,2,4
blocked,1024,1024,1024,94.408417,22.746739287,5,1,1,42,43,55925.5494262,32,128,32,0,0
ikj,1024,1024,1024,77.663375,27.6511759629,5,1,1,42,43,55925.5494262,0,0,0,0,0
microkernel,255,513,257,3.155667,21.307352772,5,1,1,42,43,3412.59226863,32,128,32,16,16
microkernel,255,513,257,5.039625,13.3420462832,5,1,1,42,43,3412.59226863,32,128,32,8,8
microkernel,255,513,257,6.809084,9.87488331764,5,1,1,42,43,3412.59226863,32,128,32,8,4
microkernel,255,513,257,6.407459,10.4938494339,5,1,1,42,43,3412.59226863,32,128,32,4,8
microkernel,255,513,257,2.894666,23.228555557,5,1,1,42,43,3412.59226863,32,128,32,4,4
microkernel,255,513,257,3.959209,16.9829150217,5,1,1,42,43,3412.59226863,32,128,32,2,4
blocked,255,513,257,3.068375,21.9135242596,5,1,1,42,43,3412.59226863,32,128,32,0,0
ikj,255,513,257,3.153917,21.3191754888,5,1,1,42,43,3412.59226863,0,0,0,0,0
