implementation,M,N,K,time_ms,gflops,repetitions,warmups,threads,seed_A,seed_B,checksum,BM,BN,BK,MR,NR,unroll,schedule,requested_threads
neon_4x4,64,64,64,0.01175,44.6202553191,5,1,1,42,43,820.915259574,32,128,32,4,4,1,none,1
microkernel,64,64,64,0.020375,25.7319263804,5,1,1,42,43,820.915259574,32,128,32,4,4,1,none,1
blocked,64,64,64,0.020583,25.4718942817,5,1,1,42,43,820.915259574,32,128,32,0,0,0,none,1
ikj,64,64,64,0.021917,23.9215221061,5,1,1,42,43,820.915259574,0,0,0,0,0,0,none,1
neon_4x4,256,256,256,0.780833,42.9726100203,5,1,1,42,43,5576.78272794,32,128,32,4,4,1,none,1
microkernel,256,256,256,1.313625,25.5433871919,5,1,1,42,43,5576.78272794,32,128,32,4,4,1,none,1
blocked,256,256,256,1.047833,32.0226906387,5,1,1,42,43,5576.78272794,32,128,32,0,0,0,none,1
ikj,256,256,256,1.204916,27.8479429271,5,1,1,42,43,5576.78272794,0,0,0,0,0,0,none,1
neon_4x4,512,512,512,6.457542,41.569293084,5,1,1,42,43,-30243.2743484,32,128,32,4,4,1,none,1
microkernel,512,512,512,11.1575,24.0587457764,5,1,1,42,43,-30243.2743484,32,128,32,4,4,1,none,1
blocked,512,512,512,9.007208,29.8022934521,5,1,1,42,43,-30243.2743484,32,128,32,0,0,0,none,1
ikj,512,512,512,10.000584,26.8419780285,5,1,1,42,43,-30243.2743484,0,0,0,0,0,0,none,1
neon_4x4,1024,1024,1024,74.903833,28.669876587,5,1,1,42,43,55925.5494262,32,128,32,4,4,1,none,1
microkernel,1024,1024,1024,106.41325,20.1806039004,5,1,1,42,43,55925.5494262,32,128,32,4,4,1,none,1
blocked,1024,1024,1024,93.299917,23.0169941952,5,1,1,42,43,55925.5494262,32,128,32,0,0,0,none,1
ikj,1024,1024,1024,76.635417,28.0220781992,5,1,1,42,43,55925.5494262,0,0,0,0,0,0,none,1
neon_4x4,255,513,257,1.790042,37.5627555108,5,1,1,42,43,3412.59226863,32,128,32,4,4,1,none,1
microkernel,255,513,257,2.9065,23.1339790126,5,1,1,42,43,3412.59226863,32,128,32,4,4,1,none,1
blocked,255,513,257,2.955334,22.751712666,5,1,1,42,43,3412.59226863,32,128,32,0,0,0,none,1
ikj,255,513,257,3.26525,20.5922701171,5,1,1,42,43,3412.59226863,0,0,0,0,0,0,none,1
neon_4x4,3,5,257,0.001625,4.74461538462,5,1,1,42,43,55.455071032,32,128,32,4,4,1,none,1
microkernel,3,5,257,0.001625,4.74461538462,5,1,1,42,43,55.455071032,32,128,32,4,4,1,none,1
blocked,3,5,257,0.002917,2.64312649983,5,1,1,42,43,55.455071032,32,128,32,0,0,0,none,1
ikj,3,5,257,0.00325,2.37230769231,5,1,1,42,43,55.455071032,0,0,0,0,0,0,none,1
