implementation,M,N,K,time_ms,gflops,repetitions,warmups,threads,seed_A,seed_B,checksum,BM,BN,BK,MR,NR,unroll
ikj,256,256,256,1.244666,26.9585832665,5,1,1,42,43,5576.78272794,0,0,0,0,0,0
blocked,256,256,256,1.068792,31.3947260084,5,1,1,42,43,5576.78272794,32,128,32,0,0,0
microkernel,256,256,256,1.363583,24.607546442,5,1,1,42,43,5576.78272794,32,128,32,4,4,1
microkernel,256,256,256,1.424,23.563505618,5,1,1,42,43,5576.78272794,32,128,32,4,4,2
microkernel,256,256,256,1.442541,23.260643545,5,1,1,42,43,5576.78272794,32,128,32,4,4,4
microkernel,256,256,256,1.446584,23.1956332989,5,1,1,42,43,5576.78272794,32,128,32,4,4,8
ikj,512,512,512,10.023542,26.7804989494,5,1,1,42,43,-30243.2743484,0,0,0,0,0,0
blocked,512,512,512,8.818959,30.4384515225,5,1,1,42,43,-30243.2743484,32,128,32,0,0,0
microkernel,512,512,512,11.037167,24.3210468773,5,1,1,42,43,-30243.2743484,32,128,32,4,4,1
microkernel,512,512,512,11.642375,23.0567608413,5,1,1,42,43,-30243.2743484,32,128,32,4,4,2
microkernel,512,512,512,11.29075,23.7748117707,5,1,1,42,43,-30243.2743484,32,128,32,4,4,4
microkernel,512,512,512,11.440375,23.4638686232,5,1,1,42,43,-30243.2743484,32,128,32,4,4,8
ikj,1024,1024,1024,80.547167,26.6611940306,5,1,1,42,43,55925.5494262,0,0,0,0,0,0
blocked,1024,1024,1024,94.35525,22.7595565483,5,1,1,42,43,55925.5494262,32,128,32,0,0,0
microkernel,1024,1024,1024,105.989417,20.2613025789,5,1,1,42,43,55925.5494262,32,128,32,4,4,1
microkernel,1024,1024,1024,104.30325,20.5888469247,5,1,1,42,43,55925.5494262,32,128,32,4,4,2
microkernel,1024,1024,1024,105.400083,20.3745916215,5,1,1,42,43,55925.5494262,32,128,32,4,4,4
microkernel,1024,1024,1024,105.029791,20.4464240817,5,1,1,42,43,55925.5494262,32,128,32,4,4,8
ikj,255,513,257,3.14625,21.3711275328,5,1,1,42,43,3412.59226863,0,0,0,0,0,0
blocked,255,513,257,2.969709,22.641582054,5,1,1,42,43,3412.59226863,32,128,32,0,0,0
microkernel,255,513,257,2.922792,23.0050273848,5,1,1,42,43,3412.59226863,32,128,32,4,4,1
microkernel,255,513,257,2.983,22.5407006369,5,1,1,42,43,3412.59226863,32,128,32,4,4,2
microkernel,255,513,257,2.982125,22.5473144151,5,1,1,42,43,3412.59226863,32,128,32,4,4,4
microkernel,255,513,257,3.043084,22.0956470475,5,1,1,42,43,3412.59226863,32,128,32,4,4,8
